id,название,цена,бренд,скидка,рейтинг,в наличии,id продавца,id бренда,Изображения
43027038,Двойной вибратор с пультом,155900.0,Erato Play,72,5.0,26,261660,532565,https://basket-03.wbbasket.ru/vol430/part43027/43027038/images/big/1.webp;https://basket-03.wbbasket.ru/vol430/part43027/43027038/images/big/2.webp;https://basket-03.wbbasket.ru/vol430/part43027/43027038/images/big/3.webp;https://basket-03.wbbasket.ru/vol430/part43027/43027038/images/big/4.webp;https://basket-03.wbbasket.ru/vol430/part43027/43027038/images/big/5.webp;https://basket-03.wbbasket.ru/vol430/part43027/43027038/images/big/6.webp;https://basket-03.wbbasket.ru/vol430/part43027/43027038/images/big/7.webp;https://basket-03.wbbasket.ru/vol430/part43027/43027038/images/big/8.webp;https://basket-03.wbbasket.ru/vol430/part43027/43027038/images/big/9.webp;https://basket-03.wbbasket.ru/vol430/part43027/43027038/images/big/10.webp;https://basket-03.wbbasket.ru/vol430/part43027/43027038/images/big/11.webp;https://basket-03.wbbasket.ru/vol430/part43027/43027038/images/big/12.webp;https://basket-03.wbbasket.ru/vol430/part43027/43027038/images/big/13.webp;https://basket-03.wbbasket.ru/vol430/part43027/43027038/images/big/14.webp;https://basket-03.wbbasket.ru/vol430/part43027/43027038/images/big/15.webp;https://basket-03.wbbasket.ru/vol430/part43027/43027038/images/big/16.webp;https://basket-03.wbbasket.ru/vol430/part43027/43027038/images/big/17.webp;
134059689,Вибратор с языком клиторальный лижущий стимулятор,171800.0,Erato Play,72,5.0,21,261660,532565,https://basket-10.wbbasket.ru/vol1340/part134059/134059689/images/big/1.webp;https://basket-10.wbbasket.ru/vol1340/part134059/134059689/images/big/2.webp;https://basket-10.wbbasket.ru/vol1340/part134059/134059689/images/big/3.webp;https://basket-10.wbbasket.ru/vol1340/part134059/134059689/images/big/4.webp;https://basket-10.wbbasket.ru/vol1340/part134059/134059689/images/big/5.webp;https://basket-10.wbbasket.ru/vol1340/part134059/134059689/images/big/6.webp;https://basket-10.wbbasket.ru/vol1340/part134059/134059689/images/big/7.webp;https://basket-10.wbbasket.ru/vol1340/part134059/134059689/images/big/8.webp;https://basket-10.wbbasket.ru/vol1340/part134059/134059689/images/big/9.webp;https://basket-10.wbbasket.ru/vol1340/part134059/134059689/images/big/10.webp;https://basket-10.wbbasket.ru/vol1340/part134059/134059689/images/big/11.webp;https://basket-10.wbbasket.ru/vol1340/part134059/134059689/images/big/12.webp;https://basket-10.wbbasket.ru/vol1340/part134059/134059689/images/big/13.webp;https://basket-10.wbbasket.ru/vol1340/part134059/134059689/images/big/14.webp;
187900624,Дилдо Фаллоимитатор реалистичный с фрикциями на пульте 18+,171200.0,Erato Play,72,5.0,29,261660,532565,https://basket-12.wbbasket.ru/vol1879/part187900/187900624/images/big/1.webp;https://basket-12.wbbasket.ru/vol1879/part187900/187900624/images/big/2.webp;https://basket-12.wbbasket.ru/vol1879/part187900/187900624/images/big/3.webp;https://basket-12.wbbasket.ru/vol1879/part187900/187900624/images/big/4.webp;https://basket-12.wbbasket.ru/vol1879/part187900/187900624/images/big/5.webp;https://basket-12.wbbasket.ru/vol1879/part187900/187900624/images/big/6.webp;https://basket-12.wbbasket.ru/vol1879/part187900/187900624/images/big/7.webp;https://basket-12.wbbasket.ru/vol1879/part187900/187900624/images/big/8.webp;https://basket-12.wbbasket.ru/vol1879/part187900/187900624/images/big/9.webp;https://basket-12.wbbasket.ru/vol1879/part187900/187900624/images/big/10.webp;https://basket-12.wbbasket.ru/vol1879/part187900/187900624/images/big/11.webp;https://basket-12.wbbasket.ru/vol1879/part187900/187900624/images/big/12.webp;https://basket-12.wbbasket.ru/vol1879/part187900/187900624/images/big/13.webp;https://basket-12.wbbasket.ru/vol1879/part187900/187900624/images/big/14.webp;https://basket-12.wbbasket.ru/vol1879/part187900/187900624/images/big/15.webp;
43027039,Двойной вибратор с пультом,167900.0,Erato Play,72,5.0,26,261660,532565,https://basket-03.wbbasket.ru/vol430/part43027/43027039/images/big/1.webp;https://basket-03.wbbasket.ru/vol430/part43027/43027039/images/big/2.webp;https://basket-03.wbbasket.ru/vol430/part43027/43027039/images/big/3.webp;https://basket-03.wbbasket.ru/vol430/part43027/43027039/images/big/4.webp;https://basket-03.wbbasket.ru/vol430/part43027/43027039/images/big/5.webp;https://basket-03.wbbasket.ru/vol430/part43027/43027039/images/big/6.webp;https://basket-03.wbbasket.ru/vol430/part43027/43027039/images/big/7.webp;https://basket-03.wbbasket.ru/vol430/part43027/43027039/images/big/8.webp;https://basket-03.wbbasket.ru/vol430/part43027/43027039/images/big/9.webp;https://basket-03.wbbasket.ru/vol430/part43027/43027039/images/big/10.webp;https://basket-03.wbbasket.ru/vol430/part43027/43027039/images/big/11.webp;https://basket-03.wbbasket.ru/vol430/part43027/43027039/images/big/12.webp;https://basket-03.wbbasket.ru/vol430/part43027/43027039/images/big/13.webp;https://basket-03.wbbasket.ru/vol430/part43027/43027039/images/big/14.webp;https://basket-03.wbbasket.ru/vol430/part43027/43027039/images/big/15.webp;https://basket-03.wbbasket.ru/vol430/part43027/43027039/images/big/16.webp;
169613855,Вибратор с языком клиторальный стимулятор,167900.0,Erato Play,72,5.0,21,261660,532565,https://basket-12.wbbasket.ru/vol1696/part169613/169613855/images/big/1.webp;https://basket-12.wbbasket.ru/vol1696/part169613/169613855/images/big/2.webp;https://basket-12.wbbasket.ru/vol1696/part169613/169613855/images/big/3.webp;https://basket-12.wbbasket.ru/vol1696/part169613/169613855/images/big/4.webp;https://basket-12.wbbasket.ru/vol1696/part169613/169613855/images/big/5.webp;https://basket-12.wbbasket.ru/vol1696/part169613/169613855/images/big/6.webp;https://basket-12.wbbasket.ru/vol1696/part169613/169613855/images/big/7.webp;https://basket-12.wbbasket.ru/vol1696/part169613/169613855/images/big/8.webp;https://basket-12.wbbasket.ru/vol1696/part169613/169613855/images/big/9.webp;https://basket-12.wbbasket.ru/vol1696/part169613/169613855/images/big/10.webp;https://basket-12.wbbasket.ru/vol1696/part169613/169613855/images/big/11.webp;
178111038,Вибратор стимулятор реалистичный с пультом 18+,176400.0,Erato Play,72,5.0,29,261660,532565,https://basket-12.wbbasket.ru/vol1781/part178111/178111038/images/big/1.webp;https://basket-12.wbbasket.ru/vol1781/part178111/178111038/images/big/2.webp;https://basket-12.wbbasket.ru/vol1781/part178111/178111038/images/big/3.webp;https://basket-12.wbbasket.ru/vol1781/part178111/178111038/images/big/4.webp;https://basket-12.wbbasket.ru/vol1781/part178111/178111038/images/big/5.webp;https://basket-12.wbbasket.ru/vol1781/part178111/178111038/images/big/6.webp;https://basket-12.wbbasket.ru/vol1781/part178111/178111038/images/big/7.webp;https://basket-12.wbbasket.ru/vol1781/part178111/178111038/images/big/8.webp;https://basket-12.wbbasket.ru/vol1781/part178111/178111038/images/big/9.webp;https://basket-12.wbbasket.ru/vol1781/part178111/178111038/images/big/10.webp;https://basket-12.wbbasket.ru/vol1781/part178111/178111038/images/big/11.webp;https://basket-12.wbbasket.ru/vol1781/part178111/178111038/images/big/12.webp;https://basket-12.wbbasket.ru/vol1781/part178111/178111038/images/big/13.webp;https://basket-12.wbbasket.ru/vol1781/part178111/178111038/images/big/14.webp;https://basket-12.wbbasket.ru/vol1781/part178111/178111038/images/big/15.webp;https://basket-12.wbbasket.ru/vol1781/part178111/178111038/images/big/16.webp;https://basket-12.wbbasket.ru/vol1781/part178111/178111038/images/big/17.webp;https://basket-12.wbbasket.ru/vol1781/part178111/178111038/images/big/18.webp;https://basket-12.wbbasket.ru/vol1781/part178111/178111038/images/big/19.webp;https://basket-12.wbbasket.ru/vol1781/part178111/178111038/images/big/20.webp;
42888093,Вакуумно-волновой вибратор клиторальный стимулятор роза,99200.0,Erato Play,72,5.0,18,261660,532565,https://basket-03.wbbasket.ru/vol428/part42888/42888093/images/big/1.webp;https://basket-03.wbbasket.ru/vol428/part42888/42888093/images/big/2.webp;https://basket-03.wbbasket.ru/vol428/part42888/42888093/images/big/3.webp;https://basket-03.wbbasket.ru/vol428/part42888/42888093/images/big/4.webp;https://basket-03.wbbasket.ru/vol428/part42888/42888093/images/big/5.webp;https://basket-03.wbbasket.ru/vol428/part42888/42888093/images/big/6.webp;https://basket-03.wbbasket.ru/vol428/part42888/42888093/images/big/7.webp;https://basket-03.wbbasket.ru/vol428/part42888/42888093/images/big/8.webp;https://basket-03.wbbasket.ru/vol428/part42888/42888093/images/big/9.webp;https://basket-03.wbbasket.ru/vol428/part42888/42888093/images/big/10.webp;https://basket-03.wbbasket.ru/vol428/part42888/42888093/images/big/11.webp;https://basket-03.wbbasket.ru/vol428/part42888/42888093/images/big/12.webp;
173118868,Вибратор кролик с двойной стимуляцией с подогревом,218300.0,Erato Play,72,5.0,60,261660,532565,https://basket-12.wbbasket.ru/vol1731/part173118/173118868/images/big/1.webp;https://basket-12.wbbasket.ru/vol1731/part173118/173118868/images/big/2.webp;https://basket-12.wbbasket.ru/vol1731/part173118/173118868/images/big/3.webp;https://basket-12.wbbasket.ru/vol1731/part173118/173118868/images/big/4.webp;https://basket-12.wbbasket.ru/vol1731/part173118/173118868/images/big/5.webp;https://basket-12.wbbasket.ru/vol1731/part173118/173118868/images/big/6.webp;https://basket-12.wbbasket.ru/vol1731/part173118/173118868/images/big/7.webp;https://basket-12.wbbasket.ru/vol1731/part173118/173118868/images/big/8.webp;https://basket-12.wbbasket.ru/vol1731/part173118/173118868/images/big/9.webp;https://basket-12.wbbasket.ru/vol1731/part173118/173118868/images/big/10.webp;https://basket-12.wbbasket.ru/vol1731/part173118/173118868/images/big/11.webp;https://basket-12.wbbasket.ru/vol1731/part173118/173118868/images/big/12.webp;https://basket-12.wbbasket.ru/vol1731/part173118/173118868/images/big/13.webp;https://basket-12.wbbasket.ru/vol1731/part173118/173118868/images/big/14.webp;https://basket-12.wbbasket.ru/vol1731/part173118/173118868/images/big/15.webp;https://basket-12.wbbasket.ru/vol1731/part173118/173118868/images/big/16.webp;
181443566,Двойной вибратор вакуумный с пультом,151400.0,Erato Play,72,5.0,32,261660,532565,https://basket-12.wbbasket.ru/vol1814/part181443/181443566/images/big/1.webp;https://basket-12.wbbasket.ru/vol1814/part181443/181443566/images/big/2.webp;https://basket-12.wbbasket.ru/vol1814/part181443/181443566/images/big/3.webp;https://basket-12.wbbasket.ru/vol1814/part181443/181443566/images/big/4.webp;https://basket-12.wbbasket.ru/vol1814/part181443/181443566/images/big/5.webp;https://basket-12.wbbasket.ru/vol1814/part181443/181443566/images/big/6.webp;https://basket-12.wbbasket.ru/vol1814/part181443/181443566/images/big/7.webp;https://basket-12.wbbasket.ru/vol1814/part181443/181443566/images/big/8.webp;https://basket-12.wbbasket.ru/vol1814/part181443/181443566/images/big/9.webp;https://basket-12.wbbasket.ru/vol1814/part181443/181443566/images/big/10.webp;https://basket-12.wbbasket.ru/vol1814/part181443/181443566/images/big/11.webp;https://basket-12.wbbasket.ru/vol1814/part181443/181443566/images/big/12.webp;https://basket-12.wbbasket.ru/vol1814/part181443/181443566/images/big/13.webp;
134050566,Двойной вибратор кролик с подогревом пульсацией,226400.0,Erato Play,72,5.0,29,261660,532565,https://basket-10.wbbasket.ru/vol1340/part134050/134050566/images/big/1.webp;https://basket-10.wbbasket.ru/vol1340/part134050/134050566/images/big/2.webp;https://basket-10.wbbasket.ru/vol1340/part134050/134050566/images/big/3.webp;https://basket-10.wbbasket.ru/vol1340/part134050/134050566/images/big/4.webp;https://basket-10.wbbasket.ru/vol1340/part134050/134050566/images/big/5.webp;https://basket-10.wbbasket.ru/vol1340/part134050/134050566/images/big/6.webp;https://basket-10.wbbasket.ru/vol1340/part134050/134050566/images/big/7.webp;https://basket-10.wbbasket.ru/vol1340/part134050/134050566/images/big/8.webp;https://basket-10.wbbasket.ru/vol1340/part134050/134050566/images/big/9.webp;https://basket-10.wbbasket.ru/vol1340/part134050/134050566/images/big/10.webp;https://basket-10.wbbasket.ru/vol1340/part134050/134050566/images/big/11.webp;https://basket-10.wbbasket.ru/vol1340/part134050/134050566/images/big/12.webp;https://basket-10.wbbasket.ru/vol1340/part134050/134050566/images/big/13.webp;https://basket-10.wbbasket.ru/vol1340/part134050/134050566/images/big/14.webp;
173112453,Двойной вибратор с пультом для взрослых 18+,173500.0,Erato Play,72,5.0,26,261660,532565,https://basket-12.wbbasket.ru/vol1731/part173112/173112453/images/big/1.webp;https://basket-12.wbbasket.ru/vol1731/part173112/173112453/images/big/2.webp;https://basket-12.wbbasket.ru/vol1731/part173112/173112453/images/big/3.webp;https://basket-12.wbbasket.ru/vol1731/part173112/173112453/images/big/4.webp;https://basket-12.wbbasket.ru/vol1731/part173112/173112453/images/big/5.webp;https://basket-12.wbbasket.ru/vol1731/part173112/173112453/images/big/6.webp;https://basket-12.wbbasket.ru/vol1731/part173112/173112453/images/big/7.webp;https://basket-12.wbbasket.ru/vol1731/part173112/173112453/images/big/8.webp;https://basket-12.wbbasket.ru/vol1731/part173112/173112453/images/big/9.webp;https://basket-12.wbbasket.ru/vol1731/part173112/173112453/images/big/10.webp;https://basket-12.wbbasket.ru/vol1731/part173112/173112453/images/big/11.webp;
42888092,Вакуумно-волновой вибратор клиторальный стимулятор роза,129200.0,Erato Play,72,5.0,18,261660,532565,https://basket-03.wbbasket.ru/vol428/part42888/42888092/images/big/1.webp;https://basket-03.wbbasket.ru/vol428/part42888/42888092/images/big/2.webp;https://basket-03.wbbasket.ru/vol428/part42888/42888092/images/big/3.webp;https://basket-03.wbbasket.ru/vol428/part42888/42888092/images/big/4.webp;https://basket-03.wbbasket.ru/vol428/part42888/42888092/images/big/5.webp;https://basket-03.wbbasket.ru/vol428/part42888/42888092/images/big/6.webp;https://basket-03.wbbasket.ru/vol428/part42888/42888092/images/big/7.webp;https://basket-03.wbbasket.ru/vol428/part42888/42888092/images/big/8.webp;https://basket-03.wbbasket.ru/vol428/part42888/42888092/images/big/9.webp;https://basket-03.wbbasket.ru/vol428/part42888/42888092/images/big/10.webp;https://basket-03.wbbasket.ru/vol428/part42888/42888092/images/big/11.webp;https://basket-03.wbbasket.ru/vol428/part42888/42888092/images/big/12.webp;https://basket-03.wbbasket.ru/vol428/part42888/42888092/images/big/13.webp;https://basket-03.wbbasket.ru/vol428/part42888/42888092/images/big/14.webp;https://basket-03.wbbasket.ru/vol428/part42888/42888092/images/big/15.webp;
42888094,Вакуумно-волновой вибратор клиторальный стимулятор роза,132000.0,Erato Play,72,5.0,18,261660,532565,https://basket-03.wbbasket.ru/vol428/part42888/42888094/images/big/1.webp;https://basket-03.wbbasket.ru/vol428/part42888/42888094/images/big/2.webp;https://basket-03.wbbasket.ru/vol428/part42888/42888094/images/big/3.webp;https://basket-03.wbbasket.ru/vol428/part42888/42888094/images/big/4.webp;https://basket-03.wbbasket.ru/vol428/part42888/42888094/images/big/5.webp;https://basket-03.wbbasket.ru/vol428/part42888/42888094/images/big/6.webp;https://basket-03.wbbasket.ru/vol428/part42888/42888094/images/big/7.webp;https://basket-03.wbbasket.ru/vol428/part42888/42888094/images/big/8.webp;https://basket-03.wbbasket.ru/vol428/part42888/42888094/images/big/9.webp;https://basket-03.wbbasket.ru/vol428/part42888/42888094/images/big/10.webp;https://basket-03.wbbasket.ru/vol428/part42888/42888094/images/big/11.webp;https://basket-03.wbbasket.ru/vol428/part42888/42888094/images/big/12.webp;https://basket-03.wbbasket.ru/vol428/part42888/42888094/images/big/13.webp;https://basket-03.wbbasket.ru/vol428/part42888/42888094/images/big/14.webp;https://basket-03.wbbasket.ru/vol428/part42888/42888094/images/big/15.webp;
134052383,Двойной вибратор кролик с подогревом пульсацией,271400.0,Erato Play,72,5.0,29,261660,532565,https://basket-10.wbbasket.ru/vol1340/part134052/134052383/images/big/1.webp;https://basket-10.wbbasket.ru/vol1340/part134052/134052383/images/big/2.webp;https://basket-10.wbbasket.ru/vol1340/part134052/134052383/images/big/3.webp;https://basket-10.wbbasket.ru/vol1340/part134052/134052383/images/big/4.webp;https://basket-10.wbbasket.ru/vol1340/part134052/134052383/images/big/5.webp;https://basket-10.wbbasket.ru/vol1340/part134052/134052383/images/big/6.webp;https://basket-10.wbbasket.ru/vol1340/part134052/134052383/images/big/7.webp;https://basket-10.wbbasket.ru/vol1340/part134052/134052383/images/big/8.webp;https://basket-10.wbbasket.ru/vol1340/part134052/134052383/images/big/9.webp;https://basket-10.wbbasket.ru/vol1340/part134052/134052383/images/big/10.webp;https://basket-10.wbbasket.ru/vol1340/part134052/134052383/images/big/11.webp;https://basket-10.wbbasket.ru/vol1340/part134052/134052383/images/big/12.webp;https://basket-10.wbbasket.ru/vol1340/part134052/134052383/images/big/13.webp;https://basket-10.wbbasket.ru/vol1340/part134052/134052383/images/big/14.webp;
75575353,USB кабель для вакуумно-волнового вибратора Erato 212,47300.0,Erato Play,74,5.0,2,261660,532565,https://basket-05.wbbasket.ru/vol755/part75575/75575353/images/big/1.webp;
80264141,Пульт ДУ для двойного вибратора Erato 213,36900.0,Erato Play,69,2.0,3,261660,532565,https://basket-05.wbbasket.ru/vol802/part80264/80264141/images/big/1.webp;https://basket-05.wbbasket.ru/vol802/part80264/80264141/images/big/2.webp;
189782529,Двойной вибратор с пультом для взрослых 18+,280000.0,Erato Play,72,0.0,25,261660,532565,https://basket-12.wbbasket.ru/vol1897/part189782/189782529/images/big/1.webp;https://basket-12.wbbasket.ru/vol1897/part189782/189782529/images/big/2.webp;https://basket-12.wbbasket.ru/vol1897/part189782/189782529/images/big/3.webp;https://basket-12.wbbasket.ru/vol1897/part189782/189782529/images/big/4.webp;https://basket-12.wbbasket.ru/vol1897/part189782/189782529/images/big/5.webp;https://basket-12.wbbasket.ru/vol1897/part189782/189782529/images/big/6.webp;https://basket-12.wbbasket.ru/vol1897/part189782/189782529/images/big/7.webp;https://basket-12.wbbasket.ru/vol1897/part189782/189782529/images/big/8.webp;
192058365,Вакуумно-волновой вибратор,280000.0,Erato Play,72,0.0,20,261660,532565,https://basket-13.wbbasket.ru/vol1920/part192058/192058365/images/big/1.webp;https://basket-13.wbbasket.ru/vol1920/part192058/192058365/images/big/2.webp;https://basket-13.wbbasket.ru/vol1920/part192058/192058365/images/big/3.webp;https://basket-13.wbbasket.ru/vol1920/part192058/192058365/images/big/4.webp;https://basket-13.wbbasket.ru/vol1920/part192058/192058365/images/big/5.webp;https://basket-13.wbbasket.ru/vol1920/part192058/192058365/images/big/6.webp;https://basket-13.wbbasket.ru/vol1920/part192058/192058365/images/big/7.webp;https://basket-13.wbbasket.ru/vol1920/part192058/192058365/images/big/8.webp;https://basket-13.wbbasket.ru/vol1920/part192058/192058365/images/big/9.webp;https://basket-13.wbbasket.ru/vol1920/part192058/192058365/images/big/10.webp;
192058667,Двойной вибратор кролик,280000.0,Erato Play,72,0.0,32,261660,532565,https://basket-13.wbbasket.ru/vol1920/part192058/192058667/images/big/1.webp;https://basket-13.wbbasket.ru/vol1920/part192058/192058667/images/big/2.webp;https://basket-13.wbbasket.ru/vol1920/part192058/192058667/images/big/3.webp;https://basket-13.wbbasket.ru/vol1920/part192058/192058667/images/big/4.webp;https://basket-13.wbbasket.ru/vol1920/part192058/192058667/images/big/5.webp;https://basket-13.wbbasket.ru/vol1920/part192058/192058667/images/big/6.webp;https://basket-13.wbbasket.ru/vol1920/part192058/192058667/images/big/7.webp;https://basket-13.wbbasket.ru/vol1920/part192058/192058667/images/big/8.webp;https://basket-13.wbbasket.ru/vol1920/part192058/192058667/images/big/9.webp;https://basket-13.wbbasket.ru/vol1920/part192058/192058667/images/big/10.webp;https://basket-13.wbbasket.ru/vol1920/part192058/192058667/images/big/11.webp;https://basket-13.wbbasket.ru/vol1920/part192058/192058667/images/big/12.webp;https://basket-13.wbbasket.ru/vol1920/part192058/192058667/images/big/13.webp;
134160042,Вибратор с языком клиторальный лижущий стимулятор,239900.0,Erato Play,72,5.0,21,261660,532565,https://basket-10.wbbasket.ru/vol1341/part134160/134160042/images/big/1.webp;https://basket-10.wbbasket.ru/vol1341/part134160/134160042/images/big/2.webp;https://basket-10.wbbasket.ru/vol1341/part134160/134160042/images/big/3.webp;https://basket-10.wbbasket.ru/vol1341/part134160/134160042/images/big/4.webp;https://basket-10.wbbasket.ru/vol1341/part134160/134160042/images/big/5.webp;https://basket-10.wbbasket.ru/vol1341/part134160/134160042/images/big/6.webp;https://basket-10.wbbasket.ru/vol1341/part134160/134160042/images/big/7.webp;https://basket-10.wbbasket.ru/vol1341/part134160/134160042/images/big/8.webp;https://basket-10.wbbasket.ru/vol1341/part134160/134160042/images/big/9.webp;https://basket-10.wbbasket.ru/vol1341/part134160/134160042/images/big/10.webp;https://basket-10.wbbasket.ru/vol1341/part134160/134160042/images/big/11.webp;https://basket-10.wbbasket.ru/vol1341/part134160/134160042/images/big/12.webp;https://basket-10.wbbasket.ru/vol1341/part134160/134160042/images/big/13.webp;https://basket-10.wbbasket.ru/vol1341/part134160/134160042/images/big/14.webp;
